[
  {
    "address": "\uacbd\ubd81 \uc6b8\uc9c4 \ubd81 \ub450\ucc9c",
    "value": 9.6990418518
  },
  {
    "address": "\uac15\uc6d0 \uac15\ub989 \uc625\uacc4 \ub0a8\uc591",
    "value": 8.3405467009
  },
  {
    "address": "\uacbd\ubd81 \uc548\ub3d9 \ud48d\ucc9c \uc778\uae08",
    "value": 7.572502985
  },
  {
    "address": "\uac15\uc6d0 \uace0\uc131 \ud1a0\uc131 \uc6d0\uc554",
    "value": 7.1441072143
  },
  {
    "address": "\uac15\uc6d0 \uac15\ub989 \uc625\uacc4 \ub0a8\uc591",
    "value": 7.1389860405
  },
  {
    "address": "\uacbd\ub0a8 \ud569\ucc9c \uc728\uace1 \ub178\uc591",
    "value": 6.7018252217
  },
  {
    "address": "\uac15\uc6d0 \uc0bc\ucc99 \ub3c4\uacc4 \uc810",
    "value": 6.6400326843
  },
  {
    "address": "\uac15\uc6d0 \uc591\uad6c \uc591\uad6c \uc1a1\uccad",
    "value": 6.5741130342
  },
  {
    "address": "\uacbd\ub0a8 \ubc00\uc591 \ubd80\ubd81 \ucd98\ud654",
    "value": 6.4934814881
  },
  {
    "address": "\uc6b8\uc0b0 \uc6b8\uc8fc \uc6c5\ucd0c \ub300\ubcf5",
    "value": 6.2519038832
  },
  {
    "address": "\uacbd\ubd81 \uc601\ub355 \uc9c0\ud488 \uc0bc\ud654",
    "value": 6.0055893212
  },
  {
    "address": "\uac15\uc6d0 \uace0\uc131 \uac04\uc131 \ud0d1\ub3d9",
    "value": 5.8773155254
  },
  {
    "address": "\uac15\uc6d0 \uc778\uc81c \ub0a8 \ub0a8\uc804",
    "value": 5.8433414979
  },
  {
    "address": "\uacbd\ubd81 \uc548\ub3d9 \uc784\ub3d9 \ub9dd\ucc9c",
    "value": 5.7268477476
  },
  {
    "address": "\uc6b8\uc0b0 \uc6b8\uc8fc \uc0c1\ubd81 \ud5a5\uc0b0",
    "value": 5.6347896032
  },
  {
    "address": "\uac15\uc6d0 \uac15\ub989 \uc131\uc0b0 \uc5b4\ud758",
    "value": 5.5294290875
  },
  {
    "address": "\uacbd\ubd81 \uc6b8\uc9c4 \uadfc\ub0a8 \ud589\uace1",
    "value": 5.432673419
  }
]
