[
  {
    "address": "\uacbd\ubd81 \uc6b8\uc9c4 \ubd81 \ub450\ucc9c",
    "value": 9.6990418518
  },
  {
    "address": "\uac15\uc6d0 \uac15\ub989 \uc625\uacc4 \ub0a8\uc591",
    "value": 8.3405467009
  },
  {
    "address": "\uacbd\ubd81 \uc548\ub3d9 \ud48d\ucc9c \uc778\uae08",
    "value": 7.572502985
  },
  {
    "address": "\uac15\uc6d0 \uace0\uc131 \ud1a0\uc131 \uc6d0\uc554",
    "value": 7.1441072143
  },
  {
    "address": "\uac15\uc6d0 \uac15\ub989 \uc625\uacc4 \ub0a8\uc591",
    "value": 7.1389860405
  },
  {
    "address": "\uacbd\ub0a8 \ud569\ucc9c \uc728\uace1 \ub178\uc591",
    "value": 6.7018252217
  },
  {
    "address": "\uac15\uc6d0 \uc0bc\ucc99 \ub3c4\uacc4 \uc810",
    "value": 6.6400326843
  },
  {
    "address": "\uac15\uc6d0 \uc591\uad6c \uc591\uad6c\uc74d \uc1a1\uccad\ub9ac",
    "value": 6.5741130342
  },
  {
    "address": "\uacbd\ub0a8 \ubc00\uc591 \ubd80\ubd81 \ucd98\ud654",
    "value": 6.4934814881
  },
  {
    "address": "\uc6b8\uc0b0 \uc6b8\uc8fc \uc6c5\ucd0c \ub300\ubcf5",
    "value": 6.2519038832
  },
  {
    "address": "\uacbd\ubd81 \uc601\ub355 \uc9c0\ud488 \uc0bc\ud654",
    "value": 6.0055893212
  },
  {
    "address": "\uac15\uc6d0 \uace0\uc131 \uac04\uc131 \ud0d1\ub3d9",
    "value": 5.8773155254
  },
  {
    "address": "\uac15\uc6d0 \uc778\uc81c \ub0a8 \ub0a8\uc804",
    "value": 5.8433414979
  },
  {
    "address": "\uacbd\ubd81 \uc548\ub3d9 \uc784\ub3d9 \ub9dd\ucc9c",
    "value": 5.7268477476
  },
  {
    "address": "\uc6b8\uc0b0 \uc6b8\uc8fc \uc0c1\ubd81 \ud5a5\uc0b0",
    "value": 5.6347896032
  },
  {
    "address": "\uac15\uc6d0 \uac15\ub989 \uc131\uc0b0 \uc5b4\ud758",
    "value": 5.5294290875
  },
  {
    "address": "\uacbd\ubd81 \uc6b8\uc9c4 \uadfc\ub0a8 \ud589\uace1",
    "value": 5.432673419
  },
  {
    "address": "\uacbd\ubd81 \uad70\uc704 \uc0bc\uad6d\uc720\uc0ac \ud654\ubd81",
    "value": 5.4192952931
  },
  {
    "address": "\uac15\uc6d0 \uc601\uc6d4 \uae40\uc0bf\uac13 \uc678\ub8e1",
    "value": 5.214990104
  },
  {
    "address": "\uac15\uc6d0 \uc0bc\ucc99 \ub178\uace1 \ud558\ub9c8\uc74d",
    "value": 5.0822735523
  },
  {
    "address": "\uac15\uc6d0 \uac15\ub989 \uc625\uacc4 \uc0b0\uacc4",
    "value": 5.0777330376
  },
  {
    "address": "\ucda9\ub0a8 \uc11c\uc0b0 \uc6b4\uc0b0 \uace0\ud48d",
    "value": 5.0632909933
  },
  {
    "address": "\uacbd\ubd81 \ubd09\ud654 \ubd09\ud654 \ud654\ucc9c",
    "value": 4.8675344505
  },
  {
    "address": "\uac15\uc6d0 \uace0\uc131 \ud1a0\uc131 \ub3c4\uc6d0",
    "value": 4.8138090511
  },
  {
    "address": "\uacbd\ubd81 \uc608\ucc9c \uac10\ucc9c \uc720\ub9ac",
    "value": 4.7184988713
  },
  {
    "address": "\uac15\uc6d0 \uc591\uc591 \uc11c \uc1a1\ucc9c",
    "value": 4.5843550463
  },
  {
    "address": "\uacbd\ubd81 \uc0c1\uc8fc \uc678\uc11c \uc608\uc758",
    "value": 4.5282891417
  },
  {
    "address": "\ub300\uad6c \ub2ec\uc131  \uc6a9\uacc4",
    "value": 4.4844704008
  },
  {
    "address": "\uacbd\ubd81 \uc0c1\uc8fc \uc0ac\ubc8c \ub355\uac00",
    "value": 4.4543472963
  },
  {
    "address": "\uacbd\ubd81 \ud3ec\ud56d \ubd81 nan \uc6a9\ud765",
    "value": 4.3694478525
  },
  {
    "address": "\uac15\uc6d0 \uc0bc\ucc99 \ub3c4\uacc4 \ud669\uc870",
    "value": 4.3367677283
  },
  {
    "address": "\ucda9\ubd81 \uc601\ub3d9 \ub9e4\uace1 \uc625\uc804",
    "value": 4.3161538905
  },
  {
    "address": "\uac15\uc6d0 \uc591\uc591 \ud604\ubd81 \uc6d0\uc77c\uc804",
    "value": 4.2547612836
  },
  {
    "address": "\uac15\uc6d0 \ud654\ucc9c \uac04\ub3d9\uba74 \ub3c4\uc1a1\ub9ac",
    "value": 4.2091602367
  },
  {
    "address": "\uacbd\ubd81 \uc608\ucc9c \uc6a9\ubb38 \uc0c1\uae08\uace1",
    "value": 4.1972019477
  },
  {
    "address": "\ubd80\uc0b0 \uae30\uc7a5 \uc7a5\uc548 \uae30\ub8e1",
    "value": 4.1743872699
  },
  {
    "address": "\ubd80\uc0b0 \ud574\uc6b4\ub300 \ubc18\uc1a1 nan",
    "value": 4.0412953411
  },
  {
    "address": "\ucda9\ubd81 \ucda9\uc8fc \uc218\uc548\ubcf4 \uace0\uc6b4",
    "value": 3.9852734672
  },
  {
    "address": "\uac15\uc6d0 \uc0bc\ucc99 \uac00\uace1 \uc624\ubaa9",
    "value": 3.9512437186
  },
  {
    "address": "\uacbd\uae30 \uc5ec\uc8fc \ubd81\ub0b4 \uc911\uc554",
    "value": 3.9259259106
  },
  {
    "address": "\uacbd\ub0a8 \ud558\ub3d9 \uc545\uc591 \ubbf8\uc810",
    "value": 3.8948768466
  },
  {
    "address": "\uacbd\ubd81 \uccad\uc1a1 \ud30c\ucc9c \uc639\uc810",
    "value": 3.8753590211
  },
  {
    "address": "\uac15\uc6d0 \ud64d\ucc9c \ud654\ucd0c \uad70\uc5c5",
    "value": 3.6136169696
  },
  {
    "address": "\uac15\uc6d0 \ucd98\ucc9c \uc2e0\ubd81 \ubc1c\uc0b0",
    "value": 3.5339784929
  },
  {
    "address": "\ucda9\ub0a8 \ub17c\uc0b0 \ubc8c\uad6d \ub355\ubaa9",
    "value": 3.5301767629
  },
  { "address": "\uc6b8\uc0b0 \ubd81 \uc2dc\ub840 nan", "value": 3.5025498759 },
  {
    "address": "\uacbd\ubd81 \uad70\uc704 \uc6b0\ubcf4 \ub450\ubd81",
    "value": 3.4626060098
  },
  {
    "address": "\uac15\uc6d0 \uac15\ub989 \uc131\uc0b0 \uc1a1\uc554",
    "value": 3.4304325069
  },
  {
    "address": "\uc804\ub0a8 \uad6c\ub840 \uac04\uc804 \ud6a8\uace1",
    "value": 3.36729583
  },
  {
    "address": "\uac15\uc6d0 \uc0bc\ucc99 \ubbf8\ub85c \ud558\uc815",
    "value": 3.295836866
  },
  {
    "address": "\uac15\uc6d0 \uc815\uc120 \uc5ec\ub7c9 \uad6c\uc808",
    "value": 3.2011191033
  },
  {
    "address": "\uacbd\ubd81 \uc131\uc8fc \uc120\ub0a8 \ub3c4\ud765",
    "value": 3.1855258452
  },
  {
    "address": "\ub300\uad6c \ub2ec\uc131 \uac00\ucc3d\uba74 \uc624\ub9ac",
    "value": 3.1337535715
  },
  {
    "address": "\uacbd\ubd81 \uad6c\ubbf8 \uace0\uc544 \ub300\ub9dd",
    "value": 3.0910424534
  },
  {
    "address": "\uacbd\ub0a8 \ud568\uc591 \ubcd1\uace1 \ub3c4\ucc9c",
    "value": 2.9957322736
  },
  {
    "address": "\uac15\uc6d0 \ud64d\ucc9c \ud654\ucd0c \uc131\uc0b0",
    "value": 2.9957322736
  },
  {
    "address": "\ubd80\uc0b0 \uae08\uc815 nan \ud68c\ub3d9",
    "value": 2.9957322736
  },
  {
    "address": "\uac15\uc6d0 \ucca0\uc6d0 \uc11c\uba74 \uc790\ub4f1\ub9ac",
    "value": 2.9444389792
  },
  {
    "address": "\uacbd\ubd81 \ubb38\uacbd \ubb38\uacbd \ud3c9\ucc9c",
    "value": 2.9177707321
  },
  {
    "address": "\uacbd\ubd81 \uc758\uc131 \uac00\uc74c \ud604\ub9ac",
    "value": 2.9145222181
  },
  {
    "address": "\uacbd\ubd81 \uc548\ub3d9 \ud48d\ucc9c \uc5b4\ub2f4",
    "value": 2.9069010598
  },
  { "address": "\uc6b8\uc0b0 \ubd81 \uc0c1\uc548 nan", "value": 2.8903717579 },
  {
    "address": "\uac15\uc6d0 \uc591\uc591 \uc591\uc591 \ud654\uc77c",
    "value": 2.8752581201
  },
  {
    "address": "\uc804\ubd81 \ub0a8\uc6d0 \uc0b0\ub0b4 \ub300\uc815",
    "value": 2.8033603809
  },
  {
    "address": "\uacbd\ub0a8 \ud568\uc591 \ub9c8\ucc9c \uac00\ud765",
    "value": 2.7911651078
  },
  {
    "address": "\uacbd\ubd81 \uace0\ub839 \uac1c\uc9c4 \uad6c\uace1",
    "value": 2.778819272
  },
  {
    "address": "\uacbd\ubd81 \ubd09\ud654 \uc7ac\uc0b0 \uc0c1",
    "value": 2.7080502011
  },
  {
    "address": "\uac15\uc6d0 \uc591\uad6c \ub0a8 \uc1a1\uc6b0",
    "value": 2.6672282066
  },
  {
    "address": "\uacbd\ubd81 \uc601\uc8fc \uc774\uc0b0 \uc9c0\ub3d9",
    "value": 2.6602595373
  },
  {
    "address": "\uacbd\ubd81 \uc601\uc8fc \ud3c9\uc740 \uc624\uc6b4",
    "value": 2.6461747974
  },
  {
    "address": "\uacbd\ubd81 \uc601\ub355 \ub0a8\uc815 \uc0ac\uc554",
    "value": 2.6246685922
  },
  {
    "address": "\uacbd\ubd81 \uc548\ub3d9 \ub3c4\uc0b0 \ubb38\uace1",
    "value": 2.5802168296
  },
  {
    "address": "\uac15\uc6d0 \uc591\uc591 \ud604\ub0a8 \uc815\uc790",
    "value": 2.571084346
  },
  {
    "address": "\ucda9\ubd81 \ub2e8\uc591 \uc601\ucd98 \uc0ac\uc9c0\uc6d0",
    "value": 2.5649493575
  },
  {
    "address": "\uacbd\ubd81 \uc601\ub355 \ucc3d\uc218 \uc778\ub7c9",
    "value": 2.5649493575
  },
  {
    "address": "\uac15\uc6d0 \uc778\uc81c \ubd81 \uc6d4\ud559",
    "value": 2.5649493575
  },
  {
    "address": "\uac15\uc6d0 \uc601\uc6d4 \ubd81 \ub9c8\ucc28",
    "value": 2.5265283245
  },
  {
    "address": "\uacbd\ubd81 \uc601\uc591 \uccad\uae30 \ud589\ud654",
    "value": 2.5176964726
  },
  { "address": "\ub300\uad6c \ub3d9 nan \ub454\uc0b0", "value": 2.5176964726 },
  {
    "address": "\uac15\uc6d0 \uc601\uc6d4 \uc8fc\ucc9c \ub3c4\ucc9c",
    "value": 2.4773783834
  },
  {
    "address": "\uac15\uc6d0 \ud3c9\ucc3d \ubbf8\ud0c4 \ud3c9\uc548",
    "value": 2.4069451083
  },
  {
    "address": "\uacbd\ubd81 \uc131\uc8fc \uc218\ub95c \uc218\ub95c",
    "value": 2.3978952728
  },
  {
    "address": "\uc6b8\uc0b0 \uc6b8\uc8fc \uc5b8\uc591 \uc9c1\ub3d9",
    "value": 2.3978952728
  },
  {
    "address": "\uac15\uc6d0 \ud64d\ucc9c \ub450\ucd0c \ucc9c\ud604",
    "value": 2.3795461341
  },
  {
    "address": "\uac15\uc6d0 \uc815\uc120 \uc2e0\ub3d9 \uc6b4\uce58",
    "value": 2.3702437415
  },
  {
    "address": "\uc6b8\uc0b0 \uc6b8\uc8fc \ub450\uc11c \uc804\uc74d",
    "value": 2.3599101596
  },
  {
    "address": "\uacbd\ubd81 \uc601\ub355 \ucc3d\uc218 \uc624\ucd0c",
    "value": 2.3263016196
  },
  {
    "address": "\uacbd\ub0a8 \ucc3d\uc6d0 \ub9c8\uc0b0\ud569\ud3ec \uc9c4\uc804 \uadfc\uace1",
    "value": 2.3223877203
  },
  {
    "address": "\uacbd\ub0a8 \ud569\ucc9c \uac00\uc57c \uc774\ucc9c",
    "value": 2.302585093
  },
  {
    "address": "\uacbd\ub0a8 \uac70\ucc3d \uc704\ucc9c \ub2f9\uc0b0",
    "value": 2.302585093
  },
  {
    "address": "\uacbd\ubd81 \uacbd\uc8fc \uac15\ub3d9 \uc548\uacc4",
    "value": 2.302585093
  },
  {
    "address": "\uc804\ubd81 \ubb34\uc8fc \ubb34\ud48d \uae08\ud3c9",
    "value": 2.302585093
  },
  {
    "address": "\uc804\ub0a8 \uc21c\ucc9c \uc11c \ud310\uad50",
    "value": 2.302585093
  },
  {
    "address": "\ucda9\ub0a8 \uccad\uc591 \ubaa9 \ub300\ud3c9",
    "value": 2.2955604781
  },
  {
    "address": "\uac15\uc6d0 \ucca0\uc6d0 \uac08\ub9d0 \ubb38\ud61c",
    "value": 2.2874714552
  },
  {
    "address": "\uacbd\ubd81 \uace0\ub839 \ub2e4\uc0b0 \uc1a1\uace1",
    "value": 2.2710944259
  },
  {
    "address": "\uacbd\ubd81 \ud3ec\ud56d \ub0a8 \ub300\uc1a1 \uc7a5\ub3d9",
    "value": 2.2617630985
  },
  {
    "address": "\uac15\uc6d0 \ucd98\ucc9c \ub3d9 \uc6d4\uace1",
    "value": 2.2407096893
  },
  {
    "address": "\uacbd\ubd81 \uc758\uc131 \uc758\uc131 \uc911\ub9ac",
    "value": 2.2192034841
  },
  {
    "address": "\ubd80\uc0b0 \uae30\uc7a5 \ucca0\ub9c8 \uc6c5\ucc9c",
    "value": 2.2126603855
  },
  {
    "address": "\uac15\uc6d0 \uc778\uc81c \uae30\ub9b0 \ud604",
    "value": 2.1621729393
  },
  {
    "address": "\uacbd\ubd81 \uc131\uc8fc \uc120\ub0a8 \uad00\ud654",
    "value": 2.1435893615
  },
  {
    "address": "\uacbd\uae30 \uc591\uc8fc \uc7a5\ud765 \uc6b8\ub300",
    "value": 2.1162555148
  },
  {
    "address": "\uacbd\ub0a8 \ud568\uc591 \ud568\uc591 \uc8fd\ub9bc",
    "value": 2.083184528
  },
  {
    "address": "\uacbd\uae30 \uc548\uc0b0 \uc0c1\ub85d \uc7a5\uc0c1",
    "value": 2.0794415417
  },
  {
    "address": "\uac15\uc6d0 \ud64d\ucc9c \uc11c\uc11d \uc0dd\uace1",
    "value": 2.0794415417
  },
  {
    "address": "\uacbd\uae30 \ud558\ub0a8 nan \ud559\uc554",
    "value": 2.0794415417
  },
  {
    "address": "\uacbd\uae30 \ub0a8\uc591\uc8fc \uc9c4\uc811 \uc9c4\ubc8c",
    "value": 2.0794415417
  },
  {
    "address": "\ucda9\ub0a8 \ub17c\uc0b0 \ubc8c\uace1 \uc2e0\uc591",
    "value": 1.9459101491
  },
  {
    "address": "\uac15\uc6d0 \uc815\uc120 \uc5ec\ub7c9 \uad6c\uc808",
    "value": 1.9459101491
  },
  {
    "address": "\uacbd\uae30 \uac00\ud3c9 \uac00\ud3c9 \uac1c\uace1",
    "value": 1.9459101491
  },
  {
    "address": "\uacbd\ubd81 \uc601\ub355 \ucc3d\uc218 \uc624\ucd0c",
    "value": 1.9459101491
  },
  {
    "address": "\uc804\ub0a8 \uc21c\ucc9c \uc2b9\uc8fc \uc720\ud3c9",
    "value": 1.9459101491
  },
  {
    "address": "\uc778\ucc9c \uc5f0\uc218 nan \uc625\ub828",
    "value": 1.9459101491
  },
  {
    "address": "\uacbd\ubd81 \uc131\uc8fc \ucd08\uc804 \uc18c\uc131",
    "value": 1.8779371655
  },
  {
    "address": "\uacbd\uae30 \ud30c\uc8fc \uc801\uc131 \uc124\ub9c8",
    "value": 1.8718021769
  },
  {
    "address": "\ucda9\ub0a8 \uae08\uc0b0 \uc81c\uc6d0\uba74 \ub300\uc0b0\ub9ac",
    "value": 1.8405496334
  },
  {
    "address": "\uacbd\uae30 \ub0a8\uc591\uc8fc \uc9c4\uc811 \ubd80\ud3c9",
    "value": 1.8245492921
  },
  {
    "address": "\uc804\ub0a8 \uace1\uc131 \uacb8 \uad34\uc815",
    "value": 1.7917594692
  },
  {
    "address": "\uacbd\ubd81 \uc601\ub355 \uc601\ud574 \uc0ac\uc9c4",
    "value": 1.7749523509
  },
  {
    "address": "\uacbd\ub0a8 \ucc3d\ub155 \uc131\uc0b0 \ub300\uc0b0",
    "value": 1.7047480922
  },
  {
    "address": "\ub300\uad6c \ub2ec\uc131 \ud558\ube48 \uae30\uace1",
    "value": 1.6677068206
  },
  {
    "address": "\uac15\uc6d0 \uc778\uc81c \ub0a8 \uc18c\uce58",
    "value": 1.6486586256
  },
  {
    "address": "\uacbd\ubd81 \uc601\ucc9c \ud654\ub0a8 \uc8fd\uace1",
    "value": 1.6486586256
  },
  {
    "address": "\uac15\uc6d0 \uc0bc\ucc99 \uadfc\ub355 \ub3d9\ub9c9",
    "value": 1.6486586256
  },
  {
    "address": "\uc6b8\uc0b0 \uc6b8\uc8fc \uccad\ub7c9 \uc0bc\uc815",
    "value": 1.6094379124
  },
  {
    "address": "\ucda9\ub0a8 \uacf5\uc8fc \uc6b0\uc131 \ud55c\ucc9c",
    "value": 1.6094379124
  },
  {
    "address": "\uc804\ub0a8 \uc7a5\uc131 \uc9c4\uc6d0 \uc9c4\uc6d0",
    "value": 1.6094379124
  },
  {
    "address": "\uacbd\uae30 \ud3ec\ucc9c \uc774\ub3d9 \ub3c4\ud3c9",
    "value": 1.6094379124
  },
  {
    "address": "\uacbd\ub0a8 \uc0b0\uccad \uc2dc\ucc9c \uc2e0\ucc9c",
    "value": 1.6094379124
  },
  {
    "address": "\uacbd\uae30 \uac00\ud3c9 \ubd81 \ud654\uc545",
    "value": 1.6094379124
  },
  {
    "address": "\ucda9\ub0a8 \ubd80\uc5ec \uc7a5\uc554 \uc9c0\ud1a0",
    "value": 1.6094379124
  },
  {
    "address": "\ucda9\ub0a8 \ub2f9\uc9c4 \uc1a1\uc0b0 \uba85\uc0b0",
    "value": 1.6094379124
  },
  {
    "address": "\uc804\ubd81 \ubb34\uc8fc \uc124\ucc9c \uc18c\ucc9c",
    "value": 1.6094379124
  },
  {
    "address": "\uc804\ub0a8 \uace1\uc131 \uc625\uacfc \ud569\uac15",
    "value": 1.6094379124
  },
  {
    "address": "\uc804\ubd81 \uc644\uc8fc \uc6b4\uc8fc \uad6c\uc81c",
    "value": 1.6094379124
  }
]
